Order_ID,Date,Product,Category,Region,Quantity_Sold,Unit_Price,Discount,Sales
1000,2024-01-01,Mobile,Electronics,South,1,22000,10,19800.0
1001,2024-01-02,Smartwatch,Wearables,North,5,5000,0,25000.0
1002,2024-01-03,Mouse,Accessories,North,2,800,0,1600.0
1003,2024-01-04,Smartwatch,Wearables,South,8,5000,0,40000.0
1004,2024-01-05,Mouse,Accessories,East,8,800,15,5440.0
1005,2024-01-06,Laptop,Electronics,East,6,55000,15,280500.0
1006,2024-01-07,Headphones,Accessories,East,5,2000,5,9500.0
1007,2024-01-08,Mobile,Electronics,North,3,22000,15,56100.0
1008,2024-01-09,Keyboard,Accessories,North,12,1500,10,16200.0
1009,2024-01-10,Monitor,Electronics,West,18,12000,0,216000.0
1010,2024-01-11,Mobile,Electronics,East,18,22000,10,356400.0
1011,2024-01-12,Smartwatch,Wearables,South,3,5000,0,15000.0
1012,2024-01-13,Headphones,Accessories,North,3,2000,5,5700.0
1013,2024-01-14,Mouse,Accessories,East,9,800,15,6120.0
1014,2024-01-15,Tablet,Electronics,South,12,18000,10,194400.0
1015,2024-01-16,Headphones,Accessories,South,3,2000,5,5700.0
1016,2024-01-17,Tablet,Electronics,East,15,18000,15,229500.0
1017,2024-01-18,Smartwatch,Wearables,South,11,5000,0,55000.0
1018,2024-01-19,Laptop,Electronics,East,11,55000,15,514250.0
1019,2024-01-20,Mobile,Electronics,South,7,22000,10,138600.0
1020,2024-01-21,Monitor,Electronics,South,13,12000,15,132600.0
1021,2024-01-22,Headphones,Accessories,East,5,2000,5,9500.0
1022,2024-01-23,Mouse,Accessories,East,19,800,15,12920.0
1023,2024-01-24,Smartwatch,Wearables,North,5,5000,15,21250.0
1024,2024-01-25,Laptop,Electronics,South,4,55000,5,209000.0
1025,2024-01-26,Mouse,Accessories,West,20,800,0,16000.0
1026,2024-01-27,Mouse,Accessories,East,20,800,15,13600.0
1027,2024-01-28,Laptop,Electronics,East,4,55000,10,198000.0
1028,2024-01-29,Mobile,Electronics,South,10,22000,15,187000.0
1029,2024-01-30,Monitor,Electronics,South,1,12000,10,10800.0
1030,2024-01-31,Mobile,Electronics,South,10,22000,5,209000.0
1031,2024-02-01,Keyboard,Accessories,East,6,1500,0,9000.0
1032,2024-02-02,Monitor,Electronics,East,1,12000,0,12000.0
1033,2024-02-03,Headphones,Accessories,South,8,2000,0,16000.0
1034,2024-02-04,Mobile,Electronics,North,3,22000,15,56100.0
1035,2024-02-05,Tablet,Electronics,South,5,18000,15,76500.0
1036,2024-02-06,Headphones,Accessories,South,17,2000,15,28900.0
1037,2024-02-07,Smartwatch,Wearables,East,10,5000,15,42500.0
1038,2024-02-08,Monitor,Electronics,North,17,12000,15,173400.0
1039,2024-02-09,Smartwatch,Wearables,East,8,5000,0,40000.0
1040,2024-02-10,Laptop,Electronics,South,19,55000,5,992750.0
1041,2024-02-11,Laptop,Electronics,South,3,55000,0,165000.0
1042,2024-02-12,Mobile,Electronics,North,2,22000,10,39600.0
1043,2024-02-13,Smartwatch,Wearables,South,9,5000,15,38250.0
1044,2024-02-14,Tablet,Electronics,South,19,18000,15,290700.0
1045,2024-02-15,Monitor,Electronics,North,14,12000,5,159600.0
1046,2024-02-16,Mobile,Electronics,West,14,22000,10,277200.0
1047,2024-02-17,Mouse,Accessories,North,15,800,0,12000.0
1048,2024-02-18,Laptop,Electronics,North,13,55000,10,643500.0
1049,2024-02-19,Smartwatch,Wearables,West,7,5000,5,33250.0
1050,2024-02-20,Tablet,Electronics,East,14,18000,5,239400.0
1051,2024-02-21,Monitor,Electronics,West,8,12000,0,96000.0
1052,2024-02-22,Mobile,Electronics,North,2,22000,0,44000.0
1053,2024-02-23,Smartwatch,Wearables,West,6,5000,15,25500.0
1054,2024-02-24,Monitor,Electronics,North,7,12000,15,71400.0
1055,2024-02-25,Tablet,Electronics,West,13,18000,0,234000.0
1056,2024-02-26,Headphones,Accessories,West,15,2000,10,27000.0
1057,2024-02-27,Monitor,Electronics,East,5,12000,5,57000.0
1058,2024-02-28,Smartwatch,Wearables,East,2,5000,0,10000.0
1059,2024-02-29,Laptop,Electronics,South,2,55000,15,93500.0
1060,2024-03-01,Laptop,Electronics,South,17,55000,0,935000.0
1061,2024-03-02,Mobile,Electronics,South,20,22000,0,440000.0
1062,2024-03-03,Mouse,Accessories,North,4,800,5,3040.0
1063,2024-03-04,Mobile,Electronics,East,14,22000,10,277200.0
1064,2024-03-05,Smartwatch,Wearables,East,11,5000,5,52250.0
1065,2024-03-06,Mouse,Accessories,West,5,800,10,3600.0
1066,2024-03-07,Keyboard,Accessories,West,3,1500,0,4500.0
1067,2024-03-08,Mobile,Electronics,East,3,22000,5,62700.0
1068,2024-03-09,Tablet,Electronics,South,12,18000,0,216000.0
1069,2024-03-10,Keyboard,Accessories,West,10,1500,5,14250.0
1070,2024-03-11,Headphones,Accessories,East,20,2000,0,40000.0
1071,2024-03-12,Mobile,Electronics,North,5,22000,10,99000.0
1072,2024-03-13,Mobile,Electronics,East,18,22000,5,376200.0
1073,2024-03-14,Headphones,Accessories,East,20,2000,5,38000.0
1074,2024-03-15,Smartwatch,Wearables,East,9,5000,15,38250.0
1075,2024-03-16,Laptop,Electronics,East,3,55000,15,140250.0
1076,2024-03-17,Laptop,Electronics,South,1,55000,10,49500.0
1077,2024-03-18,Headphones,Accessories,West,6,2000,15,10200.0
1078,2024-03-19,Laptop,Electronics,South,4,55000,0,220000.0
1079,2024-03-20,Laptop,Electronics,West,12,55000,5,627000.0
1080,2024-03-21,Tablet,Electronics,East,2,18000,10,32400.0
1081,2024-03-22,Laptop,Electronics,South,12,55000,5,627000.0
1082,2024-03-23,Mobile,Electronics,South,12,22000,15,224400.0
1083,2024-03-24,Smartwatch,Wearables,West,6,5000,5,28500.0
1084,2024-03-25,Laptop,Electronics,West,6,55000,10,297000.0
1085,2024-03-26,Smartwatch,Wearables,North,9,5000,5,42750.0
1086,2024-03-27,Mouse,Accessories,South,2,800,15,1360.0
1087,2024-03-28,Smartwatch,Wearables,East,15,5000,10,67500.0
1088,2024-03-29,Smartwatch,Wearables,South,8,5000,0,40000.0
1089,2024-03-30,Mouse,Accessories,North,11,800,10,7920.0
1090,2024-03-31,Headphones,Accessories,East,12,2000,15,20400.0
1091,2024-04-01,Laptop,Electronics,South,4,55000,10,198000.0
1092,2024-04-02,Headphones,Accessories,West,2,2000,0,4000.0
1093,2024-04-03,Keyboard,Accessories,North,11,1500,15,14025.0
1094,2024-04-04,Mouse,Accessories,East,19,800,5,14440.0
1095,2024-04-05,Laptop,Electronics,South,14,55000,0,770000.0
1096,2024-04-06,Keyboard,Accessories,East,14,1500,0,21000.0
1097,2024-04-07,Keyboard,Accessories,East,4,1500,10,5400.0
1098,2024-04-08,Mouse,Accessories,East,11,800,15,7480.0
1099,2024-04-09,Tablet,Electronics,West,7,18000,15,107100.0
1100,2024-04-10,Tablet,Electronics,West,20,18000,10,324000.0
1101,2024-04-11,Laptop,Electronics,South,10,55000,10,495000.0
1102,2024-04-12,Mouse,Accessories,West,19,800,10,13680.0
1103,2024-04-13,Monitor,Electronics,West,15,12000,5,171000.0
1104,2024-04-14,Tablet,Electronics,East,3,18000,10,48600.0
1105,2024-04-15,Mobile,Electronics,South,8,22000,10,158400.0
1106,2024-04-16,Smartwatch,Wearables,North,5,5000,0,25000.0
1107,2024-04-17,Smartwatch,Wearables,West,16,5000,0,80000.0
1108,2024-04-18,Mouse,Accessories,West,19,800,5,14440.0
1109,2024-04-19,Monitor,Electronics,South,13,12000,5,148200.0
1110,2024-04-20,Laptop,Electronics,South,4,55000,15,187000.0
1111,2024-04-21,Tablet,Electronics,North,17,18000,15,260100.0
1112,2024-04-22,Smartwatch,Wearables,South,4,5000,15,17000.0
1113,2024-04-23,Monitor,Electronics,West,17,12000,10,183600.0
1114,2024-04-24,Mouse,Accessories,South,18,800,15,12240.0
1115,2024-04-25,Monitor,Electronics,South,15,12000,10,162000.0
1116,2024-04-26,Headphones,Accessories,South,17,2000,15,28900.0
1117,2024-04-27,Headphones,Accessories,East,15,2000,0,30000.0
1118,2024-04-28,Smartwatch,Wearables,East,9,5000,10,40500.0
1119,2024-04-29,Mobile,Electronics,South,5,22000,5,104500.0
1120,2024-04-30,Mouse,Accessories,North,5,800,5,3800.0
1121,2024-05-01,Mouse,Accessories,West,14,800,10,10080.0
1122,2024-05-02,Mouse,Accessories,West,2,800,5,1520.0
1123,2024-05-03,Mouse,Accessories,West,19,800,0,15200.0
1124,2024-05-04,Monitor,Electronics,East,1,12000,10,10800.0
1125,2024-05-05,Mouse,Accessories,West,14,800,5,10640.0
1126,2024-05-06,Smartwatch,Wearables,West,9,5000,15,38250.0
1127,2024-05-07,Laptop,Electronics,West,13,55000,10,643500.0
1128,2024-05-08,Tablet,Electronics,North,15,18000,5,256500.0
1129,2024-05-09,Mouse,Accessories,North,19,800,0,15200.0
1130,2024-05-10,Mouse,Accessories,South,5,800,15,3400.0
1131,2024-05-11,Laptop,Electronics,East,9,55000,15,420750.0
1132,2024-05-12,Smartwatch,Wearables,East,15,5000,10,67500.0
1133,2024-05-13,Mouse,Accessories,East,9,800,15,6120.0
1134,2024-05-14,Mobile,Electronics,North,16,22000,0,352000.0
1135,2024-05-15,Keyboard,Accessories,North,8,1500,0,12000.0
1136,2024-05-16,Laptop,Electronics,North,8,55000,5,418000.0
1137,2024-05-17,Tablet,Electronics,West,8,18000,5,136800.0
1138,2024-05-18,Mobile,Electronics,West,19,22000,5,397100.0
1139,2024-05-19,Headphones,Accessories,North,12,2000,5,22800.0
1140,2024-05-20,Tablet,Electronics,North,10,18000,0,180000.0
1141,2024-05-21,Headphones,Accessories,West,19,2000,15,32300.0
1142,2024-05-22,Smartwatch,Wearables,North,3,5000,5,14250.0
1143,2024-05-23,Headphones,Accessories,North,20,2000,0,40000.0
1144,2024-05-24,Keyboard,Accessories,East,18,1500,15,22950.0
1145,2024-05-25,Mobile,Electronics,North,17,22000,10,336600.0
1146,2024-05-26,Mouse,Accessories,West,16,800,0,12800.0
1147,2024-05-27,Keyboard,Accessories,West,15,1500,5,21375.0
1148,2024-05-28,Tablet,Electronics,West,17,18000,10,275400.0
1149,2024-05-29,Monitor,Electronics,East,14,12000,10,151200.0
1150,2024-05-30,Smartwatch,Wearables,West,3,5000,10,13500.0
1151,2024-05-31,Smartwatch,Wearables,East,15,5000,15,63750.0
1152,2024-06-01,Laptop,Electronics,South,16,55000,10,792000.0
1153,2024-06-02,Monitor,Electronics,East,7,12000,10,75600.0
1154,2024-06-03,Keyboard,Accessories,North,9,1500,10,12150.0
1155,2024-06-04,Smartwatch,Wearables,West,3,5000,5,14250.0
1156,2024-06-05,Monitor,Electronics,West,18,12000,5,205200.0
1157,2024-06-06,Monitor,Electronics,North,15,12000,0,180000.0
1158,2024-06-07,Headphones,Accessories,South,8,2000,15,13600.0
1159,2024-06-08,Headphones,Accessories,West,19,2000,10,34200.0
1160,2024-06-09,Keyboard,Accessories,East,14,1500,10,18900.0
1161,2024-06-10,Monitor,Electronics,East,9,12000,10,97200.0
1162,2024-06-11,Smartwatch,Wearables,East,4,5000,5,19000.0
1163,2024-06-12,Mobile,Electronics,South,18,22000,5,376200.0
1164,2024-06-13,Smartwatch,Wearables,East,16,5000,10,72000.0
1165,2024-06-14,Mobile,Electronics,South,7,22000,10,138600.0
1166,2024-06-15,Keyboard,Accessories,North,6,1500,10,8100.0
1167,2024-06-16,Tablet,Electronics,North,9,18000,0,162000.0
1168,2024-06-17,Headphones,Accessories,North,5,2000,15,8500.0
1169,2024-06-18,Laptop,Electronics,West,19,55000,10,940500.0
1170,2024-06-19,Monitor,Electronics,South,15,12000,10,162000.0
1171,2024-06-20,Laptop,Electronics,North,9,55000,15,420750.0
1172,2024-06-21,Mobile,Electronics,North,13,22000,15,243100.0
1173,2024-06-22,Laptop,Electronics,East,5,55000,5,261250.0
1174,2024-06-23,Mobile,Electronics,West,8,22000,0,176000.0
1175,2024-06-24,Smartwatch,Wearables,West,17,5000,15,72250.0
1176,2024-06-25,Monitor,Electronics,East,10,12000,15,102000.0
1177,2024-06-26,Laptop,Electronics,South,20,55000,0,1100000.0
1178,2024-06-27,Smartwatch,Wearables,South,9,5000,0,45000.0
1179,2024-06-28,Smartwatch,Wearables,South,6,5000,0,30000.0
1180,2024-06-29,Laptop,Electronics,West,14,55000,15,654500.0
1181,2024-06-30,Headphones,Accessories,East,2,2000,5,3800.0
1182,2024-07-01,Headphones,Accessories,South,15,2000,0,30000.0
1183,2024-07-02,Headphones,Accessories,West,19,2000,5,36100.0
1184,2024-07-03,Mobile,Electronics,South,18,22000,5,376200.0
1185,2024-07-04,Headphones,Accessories,North,5,2000,0,10000.0
1186,2024-07-05,Tablet,Electronics,West,10,18000,10,162000.0
1187,2024-07-06,Mobile,Electronics,West,15,22000,10,297000.0
1188,2024-07-07,Headphones,Accessories,West,17,2000,15,28900.0
1189,2024-07-08,Mobile,Electronics,West,20,22000,0,440000.0
1190,2024-07-09,Keyboard,Accessories,North,20,1500,10,27000.0
1191,2024-07-10,Mobile,Electronics,East,8,22000,0,176000.0
1192,2024-07-11,Laptop,Electronics,West,6,55000,15,280500.0
1193,2024-07-12,Headphones,Accessories,West,6,2000,15,10200.0
1194,2024-07-13,Mobile,Electronics,West,16,22000,10,316800.0
1195,2024-07-14,Keyboard,Accessories,South,11,1500,0,16500.0
1196,2024-07-15,Keyboard,Accessories,East,14,1500,15,17850.0
1197,2024-07-16,Mouse,Accessories,West,18,800,0,14400.0
1198,2024-07-17,Mobile,Electronics,East,11,22000,10,217800.0
1199,2024-07-18,Mobile,Electronics,West,13,22000,0,286000.0
1200,2024-07-19,Mouse,Accessories,East,2,800,5,1520.0
1201,2024-07-20,Monitor,Electronics,South,15,12000,0,180000.0
1202,2024-07-21,Headphones,Accessories,East,18,2000,5,34200.0
1203,2024-07-22,Monitor,Electronics,North,16,12000,0,192000.0
1204,2024-07-23,Smartwatch,Wearables,North,6,5000,10,27000.0
1205,2024-07-24,Mouse,Accessories,North,3,800,5,2280.0
1206,2024-07-25,Monitor,Electronics,West,4,12000,5,45600.0
1207,2024-07-26,Headphones,Accessories,West,17,2000,10,30600.0
1208,2024-07-27,Monitor,Electronics,West,16,12000,5,182400.0
1209,2024-07-28,Tablet,Electronics,South,13,18000,5,222300.0
1210,2024-07-29,Mobile,Electronics,East,9,22000,15,168300.0
1211,2024-07-30,Headphones,Accessories,East,1,2000,10,1800.0
1212,2024-07-31,Monitor,Electronics,West,5,12000,15,51000.0
1213,2024-08-01,Keyboard,Accessories,West,11,1500,15,14025.0
1214,2024-08-02,Keyboard,Accessories,West,7,1500,5,9975.0
1215,2024-08-03,Smartwatch,Wearables,East,14,5000,0,70000.0
1216,2024-08-04,Monitor,Electronics,South,13,12000,15,132600.0
1217,2024-08-05,Monitor,Electronics,East,2,12000,5,22800.0
1218,2024-08-06,Mobile,Electronics,West,15,22000,0,330000.0
1219,2024-08-07,Laptop,Electronics,South,5,55000,15,233750.0
1220,2024-08-08,Mobile,Electronics,East,16,22000,10,316800.0
1221,2024-08-09,Mouse,Accessories,West,3,800,10,2160.0
1222,2024-08-10,Keyboard,Accessories,North,16,1500,0,24000.0
1223,2024-08-11,Smartwatch,Wearables,North,10,5000,5,47500.0
1224,2024-08-12,Mouse,Accessories,West,4,800,0,3200.0
1225,2024-08-13,Tablet,Electronics,North,10,18000,0,180000.0
1226,2024-08-14,Keyboard,Accessories,East,2,1500,10,2700.0
1227,2024-08-15,Keyboard,Accessories,South,14,1500,5,19950.0
1228,2024-08-16,Mouse,Accessories,South,19,800,5,14440.0
1229,2024-08-17,Tablet,Electronics,South,3,18000,15,45900.0
1230,2024-08-18,Monitor,Electronics,South,19,12000,5,216600.0
1231,2024-08-19,Monitor,Electronics,East,9,12000,15,91800.0
1232,2024-08-20,Laptop,Electronics,South,15,55000,10,742500.0
1233,2024-08-21,Mobile,Electronics,East,15,22000,10,297000.0
1234,2024-08-22,Mouse,Accessories,East,9,800,15,6120.0
1235,2024-08-23,Smartwatch,Wearables,North,13,5000,15,55250.0
1236,2024-08-24,Smartwatch,Wearables,East,13,5000,10,58500.0
1237,2024-08-25,Headphones,Accessories,East,1,2000,15,1700.0
1238,2024-08-26,Laptop,Electronics,West,19,55000,0,1045000.0
1239,2024-08-27,Headphones,Accessories,South,8,2000,10,14400.0
1240,2024-08-28,Smartwatch,Wearables,South,20,5000,10,90000.0
1241,2024-08-29,Mobile,Electronics,West,2,22000,10,39600.0
1242,2024-08-30,Laptop,Electronics,South,19,55000,10,940500.0
1243,2024-08-31,Mobile,Electronics,West,10,22000,10,198000.0
1244,2024-09-01,Tablet,Electronics,East,7,18000,5,119700.0
1245,2024-09-02,Headphones,Accessories,West,6,2000,10,10800.0
1246,2024-09-03,Headphones,Accessories,West,11,2000,0,22000.0
1247,2024-09-04,Mobile,Electronics,West,5,22000,5,104500.0
1248,2024-09-05,Keyboard,Accessories,North,3,1500,15,3825.0
1249,2024-09-06,Headphones,Accessories,West,18,2000,0,36000.0
1250,2024-09-07,Keyboard,Accessories,East,9,1500,15,11475.0
1251,2024-09-08,Mobile,Electronics,North,8,22000,15,149600.0
1252,2024-09-09,Keyboard,Accessories,North,20,1500,5,28500.0
1253,2024-09-10,Monitor,Electronics,North,10,12000,15,102000.0
1254,2024-09-11,Tablet,Electronics,East,2,18000,0,36000.0
1255,2024-09-12,Monitor,Electronics,South,4,12000,0,48000.0
1256,2024-09-13,Tablet,Electronics,East,13,18000,15,198900.0
1257,2024-09-14,Mouse,Accessories,West,19,800,5,14440.0
1258,2024-09-15,Mobile,Electronics,East,16,22000,15,299200.0
1259,2024-09-16,Laptop,Electronics,West,12,55000,5,627000.0
1260,2024-09-17,Monitor,Electronics,North,8,12000,10,86400.0
1261,2024-09-18,Keyboard,Accessories,North,18,1500,10,24300.0
1262,2024-09-19,Mouse,Accessories,North,9,800,5,6840.0
1263,2024-09-20,Monitor,Electronics,North,3,12000,5,34200.0
1264,2024-09-21,Laptop,Electronics,South,11,55000,5,574750.0
1265,2024-09-22,Smartwatch,Wearables,South,3,5000,5,14250.0
1266,2024-09-23,Smartwatch,Wearables,North,11,5000,5,52250.0
1267,2024-09-24,Headphones,Accessories,East,5,2000,5,9500.0
1268,2024-09-25,Tablet,Electronics,South,4,18000,0,72000.0
1269,2024-09-26,Laptop,Electronics,East,12,55000,5,627000.0
1270,2024-09-27,Laptop,Electronics,North,6,55000,10,297000.0
1271,2024-09-28,Tablet,Electronics,North,14,18000,0,252000.0
1272,2024-09-29,Monitor,Electronics,North,15,12000,10,162000.0
1273,2024-09-30,Monitor,Electronics,North,17,12000,5,193800.0
1274,2024-10-01,Headphones,Accessories,North,15,2000,0,30000.0
1275,2024-10-02,Monitor,Electronics,North,13,12000,15,132600.0
1276,2024-10-03,Monitor,Electronics,North,15,12000,0,180000.0
1277,2024-10-04,Keyboard,Accessories,North,20,1500,5,28500.0
1278,2024-10-05,Tablet,Electronics,West,9,18000,10,145800.0
1279,2024-10-06,Headphones,Accessories,North,15,2000,15,25500.0
1280,2024-10-07,Mobile,Electronics,West,18,22000,5,376200.0
1281,2024-10-08,Monitor,Electronics,East,8,12000,15,81600.0
1282,2024-10-09,Monitor,Electronics,North,13,12000,15,132600.0
1283,2024-10-10,Keyboard,Accessories,East,14,1500,10,18900.0
1284,2024-10-11,Keyboard,Accessories,North,5,1500,15,6375.0
1285,2024-10-12,Mobile,Electronics,West,3,22000,0,66000.0
1286,2024-10-13,Mobile,Electronics,North,12,22000,5,250800.0
1287,2024-10-14,Keyboard,Accessories,East,4,1500,15,5100.0
1288,2024-10-15,Mouse,Accessories,East,2,800,10,1440.0
1289,2024-10-16,Keyboard,Accessories,South,4,1500,5,5700.0
1290,2024-10-17,Monitor,Electronics,East,8,12000,0,96000.0
1291,2024-10-18,Keyboard,Accessories,South,4,1500,10,5400.0
1292,2024-10-19,Mouse,Accessories,East,18,800,0,14400.0
1293,2024-10-20,Laptop,Electronics,East,6,55000,10,297000.0
1294,2024-10-21,Keyboard,Accessories,South,12,1500,0,18000.0
1295,2024-10-22,Tablet,Electronics,North,19,18000,15,290700.0
1296,2024-10-23,Tablet,Electronics,South,1,18000,0,18000.0
1297,2024-10-24,Mouse,Accessories,East,14,800,15,9520.0
1298,2024-10-25,Tablet,Electronics,East,12,18000,10,194400.0
1299,2024-10-26,Mobile,Electronics,South,2,22000,5,41800.0
1300,2024-10-27,Laptop,Electronics,West,3,55000,10,148500.0
1301,2024-10-28,Mouse,Accessories,West,16,800,15,10880.0
1302,2024-10-29,Headphones,Accessories,East,7,2000,0,14000.0
1303,2024-10-30,Mouse,Accessories,West,4,800,10,2880.0
1304,2024-10-31,Headphones,Accessories,West,2,2000,5,3800.0
1305,2024-11-01,Laptop,Electronics,East,1,55000,5,52250.0
1306,2024-11-02,Smartwatch,Wearables,East,5,5000,10,22500.0
1307,2024-11-03,Keyboard,Accessories,West,4,1500,0,6000.0
1308,2024-11-04,Mouse,Accessories,West,6,800,5,4560.0
1309,2024-11-05,Smartwatch,Wearables,North,17,5000,10,76500.0
1310,2024-11-06,Mouse,Accessories,North,2,800,15,1360.0
1311,2024-11-07,Monitor,Electronics,West,3,12000,10,32400.0
1312,2024-11-08,Mouse,Accessories,North,14,800,10,10080.0
1313,2024-11-09,Mouse,Accessories,South,1,800,10,720.0
1314,2024-11-10,Monitor,Electronics,West,12,12000,0,144000.0
1315,2024-11-11,Mobile,Electronics,West,8,22000,15,149600.0
1316,2024-11-12,Mobile,Electronics,East,13,22000,10,257400.0
1317,2024-11-13,Smartwatch,Wearables,North,11,5000,5,52250.0
1318,2024-11-14,Mobile,Electronics,East,17,22000,5,355300.0
1319,2024-11-15,Keyboard,Accessories,North,5,1500,5,7125.0
1320,2024-11-16,Tablet,Electronics,South,9,18000,5,153900.0
1321,2024-11-17,Tablet,Electronics,West,3,18000,5,51300.0
1322,2024-11-18,Monitor,Electronics,East,19,12000,15,193800.0
1323,2024-11-19,Keyboard,Accessories,North,5,1500,15,6375.0
1324,2024-11-20,Monitor,Electronics,East,15,12000,10,162000.0
1325,2024-11-21,Laptop,Electronics,East,12,55000,0,660000.0
1326,2024-11-22,Monitor,Electronics,North,15,12000,0,180000.0
1327,2024-11-23,Keyboard,Accessories,North,10,1500,0,15000.0
1328,2024-11-24,Mouse,Accessories,West,15,800,0,12000.0
1329,2024-11-25,Smartwatch,Wearables,South,11,5000,15,46750.0
1330,2024-11-26,Laptop,Electronics,East,15,55000,0,825000.0
1331,2024-11-27,Mobile,Electronics,North,17,22000,5,355300.0
1332,2024-11-28,Smartwatch,Wearables,South,15,5000,15,63750.0
1333,2024-11-29,Keyboard,Accessories,West,12,1500,10,16200.0
1334,2024-11-30,Mouse,Accessories,East,11,800,0,8800.0
1335,2024-12-01,Mobile,Electronics,West,11,22000,0,242000.0
1336,2024-12-02,Headphones,Accessories,East,9,2000,5,17100.0
1337,2024-12-03,Mobile,Electronics,East,19,22000,5,397100.0
1338,2024-12-04,Headphones,Accessories,North,13,2000,5,24700.0
1339,2024-12-05,Headphones,Accessories,East,18,2000,15,30600.0
1340,2024-12-06,Tablet,Electronics,West,17,18000,0,306000.0
1341,2024-12-07,Keyboard,Accessories,East,1,1500,10,1350.0
1342,2024-12-08,Tablet,Electronics,West,7,18000,10,113400.0
1343,2024-12-09,Smartwatch,Wearables,South,8,5000,5,38000.0
1344,2024-12-10,Mobile,Electronics,North,10,22000,0,220000.0
1345,2024-12-11,Keyboard,Accessories,West,20,1500,5,28500.0
1346,2024-12-12,Tablet,Electronics,South,6,18000,5,102600.0
1347,2024-12-13,Monitor,Electronics,East,2,12000,15,20400.0
1348,2024-12-14,Smartwatch,Wearables,West,15,5000,10,67500.0
1349,2024-12-15,Smartwatch,Wearables,East,18,5000,5,85500.0
1350,2024-12-16,Monitor,Electronics,West,7,12000,10,75600.0
1351,2024-12-17,Monitor,Electronics,West,10,12000,15,102000.0
1352,2024-12-18,Tablet,Electronics,East,7,18000,5,119700.0
1353,2024-12-19,Laptop,Electronics,North,16,55000,10,792000.0
1354,2024-12-20,Mobile,Electronics,South,10,22000,0,220000.0
1355,2024-12-21,Headphones,Accessories,West,15,2000,5,28500.0
1356,2024-12-22,Mobile,Electronics,East,8,22000,15,149600.0
1357,2024-12-23,Laptop,Electronics,West,14,55000,0,770000.0
1358,2024-12-24,Keyboard,Accessories,North,8,1500,15,10200.0
1359,2024-12-25,Keyboard,Accessories,East,8,1500,0,12000.0
1360,2024-12-26,Mobile,Electronics,South,11,22000,5,229900.0
1361,2024-12-27,Laptop,Electronics,South,10,55000,15,467500.0
1362,2024-12-28,Monitor,Electronics,North,15,12000,0,180000.0
1363,2024-12-29,Laptop,Electronics,South,9,55000,5,470250.0
1364,2024-12-30,Mouse,Accessories,South,4,800,10,2880.0
1365,2024-12-31,Headphones,Accessories,South,4,2000,0,8000.0
1366,2025-01-01,Mouse,Accessories,North,20,800,15,13600.0
1367,2025-01-02,Mobile,Electronics,South,16,22000,0,352000.0
1368,2025-01-03,Tablet,Electronics,North,10,18000,15,153000.0
1369,2025-01-04,Keyboard,Accessories,South,8,1500,15,10200.0
1370,2025-01-05,Mobile,Electronics,North,17,22000,10,336600.0
1371,2025-01-06,Laptop,Electronics,North,13,55000,15,607750.0
1372,2025-01-07,Mouse,Accessories,North,12,800,10,8640.0
1373,2025-01-08,Keyboard,Accessories,South,3,1500,10,4050.0
1374,2025-01-09,Mobile,Electronics,South,19,22000,10,376200.0
1375,2025-01-10,Laptop,Electronics,South,12,55000,10,594000.0
1376,2025-01-11,Monitor,Electronics,South,16,12000,5,182400.0
1377,2025-01-12,Mobile,Electronics,East,15,22000,0,330000.0
1378,2025-01-13,Smartwatch,Wearables,North,2,5000,5,9500.0
1379,2025-01-14,Keyboard,Accessories,West,10,1500,15,12750.0
1380,2025-01-15,Headphones,Accessories,East,2,2000,5,3800.0
1381,2025-01-16,Keyboard,Accessories,East,2,1500,10,2700.0
1382,2025-01-17,Mobile,Electronics,West,12,22000,15,224400.0
1383,2025-01-18,Monitor,Electronics,South,13,12000,10,140400.0
1384,2025-01-19,Monitor,Electronics,East,16,12000,10,172800.0
1385,2025-01-20,Mobile,Electronics,West,14,22000,0,308000.0
1386,2025-01-21,Tablet,Electronics,East,18,18000,10,291600.0
1387,2025-01-22,Mobile,Electronics,East,3,22000,10,59400.0
1388,2025-01-23,Headphones,Accessories,South,15,2000,15,25500.0
1389,2025-01-24,Monitor,Electronics,North,12,12000,15,122400.0
1390,2025-01-25,Keyboard,Accessories,East,20,1500,15,25500.0
1391,2025-01-26,Laptop,Electronics,East,3,55000,15,140250.0
1392,2025-01-27,Tablet,Electronics,West,1,18000,5,17100.0
1393,2025-01-28,Laptop,Electronics,South,5,55000,0,275000.0
1394,2025-01-29,Keyboard,Accessories,North,12,1500,15,15300.0
1395,2025-01-30,Tablet,Electronics,East,15,18000,10,243000.0
1396,2025-01-31,Monitor,Electronics,East,3,12000,5,34200.0
1397,2025-02-01,Mouse,Accessories,South,11,800,10,7920.0
1398,2025-02-02,Mobile,Electronics,West,1,22000,5,20900.0
1399,2025-02-03,Mouse,Accessories,East,18,800,0,14400.0
1400,2025-02-04,Headphones,Accessories,East,15,2000,5,28500.0
1401,2025-02-05,Monitor,Electronics,South,7,12000,0,84000.0
1402,2025-02-06,Mobile,Electronics,West,15,22000,5,313500.0
1403,2025-02-07,Mobile,Electronics,North,11,22000,10,217800.0
1404,2025-02-08,Headphones,Accessories,South,10,2000,5,19000.0
1405,2025-02-09,Keyboard,Accessories,North,17,1500,5,24225.0
1406,2025-02-10,Smartwatch,Wearables,West,5,5000,5,23750.0
1407,2025-02-11,Laptop,Electronics,West,12,55000,10,594000.0
1408,2025-02-12,Tablet,Electronics,North,20,18000,0,360000.0
1409,2025-02-13,Headphones,Accessories,West,13,2000,15,22100.0
1410,2025-02-14,Mouse,Accessories,South,19,800,0,15200.0
1411,2025-02-15,Keyboard,Accessories,West,3,1500,15,3825.0
1412,2025-02-16,Keyboard,Accessories,South,5,1500,5,7125.0
1413,2025-02-17,Mouse,Accessories,North,17,800,0,13600.0
1414,2025-02-18,Tablet,Electronics,South,10,18000,5,171000.0
1415,2025-02-19,Keyboard,Accessories,East,8,1500,10,10800.0
1416,2025-02-20,Mobile,Electronics,East,9,22000,5,188100.0
1417,2025-02-21,Tablet,Electronics,South,10,18000,0,180000.0
1418,2025-02-22,Tablet,Electronics,North,6,18000,10,97200.0
1419,2025-02-23,Laptop,Electronics,East,3,55000,0,165000.0
1420,2025-02-24,Smartwatch,Wearables,North,19,5000,15,80750.0
1421,2025-02-25,Monitor,Electronics,East,18,12000,10,194400.0
1422,2025-02-26,Monitor,Electronics,East,8,12000,15,81600.0
1423,2025-02-27,Monitor,Electronics,South,3,12000,0,36000.0
1424,2025-02-28,Monitor,Electronics,West,14,12000,15,142800.0
1425,2025-03-01,Smartwatch,Wearables,East,11,5000,5,52250.0
1426,2025-03-02,Keyboard,Accessories,South,12,1500,15,15300.0
1427,2025-03-03,Keyboard,Accessories,East,17,1500,0,25500.0
1428,2025-03-04,Smartwatch,Wearables,East,15,5000,0,75000.0
1429,2025-03-05,Monitor,Electronics,North,8,12000,5,91200.0
1430,2025-03-06,Laptop,Electronics,West,10,55000,15,467500.0
1431,2025-03-07,Smartwatch,Wearables,East,6,5000,10,27000.0
1432,2025-03-08,Smartwatch,Wearables,West,6,5000,15,25500.0
1433,2025-03-09,Monitor,Electronics,North,10,12000,15,102000.0
1434,2025-03-10,Mobile,Electronics,South,13,22000,15,243100.0
1435,2025-03-11,Smartwatch,Wearables,North,19,5000,10,85500.0
1436,2025-03-12,Laptop,Electronics,West,10,55000,15,467500.0
1437,2025-03-13,Headphones,Accessories,North,18,2000,0,36000.0
1438,2025-03-14,Mouse,Accessories,East,5,800,10,3600.0
1439,2025-03-15,Mouse,Accessories,West,12,800,0,9600.0
1440,2025-03-16,Laptop,Electronics,East,19,55000,5,992750.0
1441,2025-03-17,Headphones,Accessories,West,3,2000,15,5100.0
1442,2025-03-18,Headphones,Accessories,South,20,2000,0,40000.0
1443,2025-03-19,Mobile,Electronics,East,13,22000,10,257400.0
1444,2025-03-20,Keyboard,Accessories,West,5,1500,5,7125.0
1445,2025-03-21,Laptop,Electronics,South,2,55000,0,110000.0
1446,2025-03-22,Keyboard,Accessories,South,16,1500,15,20400.0
1447,2025-03-23,Tablet,Electronics,South,11,18000,10,178200.0
1448,2025-03-24,Mouse,Accessories,East,20,800,10,14400.0
1449,2025-03-25,Monitor,Electronics,West,19,12000,10,205200.0
1450,2025-03-26,Laptop,Electronics,North,12,55000,10,594000.0
1451,2025-03-27,Mouse,Accessories,North,19,800,10,13680.0
1452,2025-03-28,Monitor,Electronics,North,9,12000,5,102600.0
1453,2025-03-29,Monitor,Electronics,South,6,12000,15,61200.0
1454,2025-03-30,Smartwatch,Wearables,South,2,5000,0,10000.0
1455,2025-03-31,Laptop,Electronics,West,15,55000,10,742500.0
1456,2025-04-01,Tablet,Electronics,West,14,18000,5,239400.0
1457,2025-04-02,Monitor,Electronics,South,2,12000,5,22800.0
1458,2025-04-03,Keyboard,Accessories,East,16,1500,15,20400.0
1459,2025-04-04,Tablet,Electronics,East,15,18000,10,243000.0
1460,2025-04-05,Headphones,Accessories,South,20,2000,15,34000.0
1461,2025-04-06,Smartwatch,Wearables,South,9,5000,10,40500.0
1462,2025-04-07,Headphones,Accessories,West,10,2000,5,19000.0
1463,2025-04-08,Keyboard,Accessories,East,16,1500,10,21600.0
1464,2025-04-09,Headphones,Accessories,West,4,2000,15,6800.0
1465,2025-04-10,Keyboard,Accessories,North,5,1500,10,6750.0
1466,2025-04-11,Headphones,Accessories,West,3,2000,10,5400.0
1467,2025-04-12,Headphones,Accessories,South,16,2000,5,30400.0
1468,2025-04-13,Headphones,Accessories,South,18,2000,10,32400.0
1469,2025-04-14,Mobile,Electronics,South,20,22000,5,418000.0
1470,2025-04-15,Laptop,Electronics,South,17,55000,5,888250.0
1471,2025-04-16,Laptop,Electronics,East,4,55000,15,187000.0
1472,2025-04-17,Monitor,Electronics,North,4,12000,5,45600.0
1473,2025-04-18,Tablet,Electronics,West,14,18000,15,214200.0
1474,2025-04-19,Smartwatch,Wearables,East,10,5000,10,45000.0
1475,2025-04-20,Laptop,Electronics,North,3,55000,5,156750.0
1476,2025-04-21,Tablet,Electronics,North,14,18000,5,239400.0
1477,2025-04-22,Mouse,Accessories,East,16,800,5,12160.0
1478,2025-04-23,Laptop,Electronics,North,1,55000,10,49500.0
1479,2025-04-24,Keyboard,Accessories,West,10,1500,15,12750.0
1480,2025-04-25,Tablet,Electronics,East,17,18000,15,260100.0
1481,2025-04-26,Smartwatch,Wearables,South,4,5000,10,18000.0
1482,2025-04-27,Monitor,Electronics,North,9,12000,5,102600.0
1483,2025-04-28,Keyboard,Accessories,South,10,1500,5,14250.0
1484,2025-04-29,Mouse,Accessories,North,14,800,10,10080.0
1485,2025-04-30,Mouse,Accessories,South,4,800,5,3040.0
1486,2025-05-01,Monitor,Electronics,North,11,12000,5,125400.0
1487,2025-05-02,Headphones,Accessories,West,13,2000,5,24700.0
1488,2025-05-03,Headphones,Accessories,North,11,2000,10,19800.0
1489,2025-05-04,Headphones,Accessories,North,12,2000,5,22800.0
1490,2025-05-05,Mobile,Electronics,South,15,22000,10,297000.0
1491,2025-05-06,Mouse,Accessories,North,17,800,10,12240.0
1492,2025-05-07,Headphones,Accessories,South,12,2000,5,22800.0
1493,2025-05-08,Tablet,Electronics,West,16,18000,5,273600.0
1494,2025-05-09,Keyboard,Accessories,South,14,1500,15,17850.0
1495,2025-05-10,Smartwatch,Wearables,West,20,5000,0,100000.0
1496,2025-05-11,Keyboard,Accessories,North,3,1500,0,4500.0
1497,2025-05-12,Smartwatch,Wearables,South,19,5000,5,90250.0
1498,2025-05-13,Keyboard,Accessories,North,17,1500,15,21675.0
1499,2025-05-14,Smartwatch,Wearables,North,19,5000,15,80750.0
1500,2025-05-15,Monitor,Electronics,South,2,12000,15,20400.0
1501,2025-05-16,Mouse,Accessories,West,15,800,0,12000.0
1502,2025-05-17,Headphones,Accessories,East,1,2000,15,1700.0
1503,2025-05-18,Laptop,Electronics,North,7,55000,0,385000.0
1504,2025-05-19,Mouse,Accessories,North,12,800,0,9600.0
1505,2025-05-20,Mobile,Electronics,East,16,22000,0,352000.0
1506,2025-05-21,Mouse,Accessories,West,6,800,5,4560.0
1507,2025-05-22,Keyboard,Accessories,West,13,1500,15,16575.0
1508,2025-05-23,Mouse,Accessories,East,3,800,5,2280.0
1509,2025-05-24,Mobile,Electronics,South,6,22000,15,112200.0
1510,2025-05-25,Smartwatch,Wearables,East,1,5000,0,5000.0
1511,2025-05-26,Monitor,Electronics,West,18,12000,15,183600.0
1512,2025-05-27,Smartwatch,Wearables,East,8,5000,15,34000.0
1513,2025-05-28,Tablet,Electronics,North,9,18000,5,153900.0
1514,2025-05-29,Laptop,Electronics,South,14,55000,0,770000.0
1515,2025-05-30,Smartwatch,Wearables,North,3,5000,0,15000.0
1516,2025-05-31,Monitor,Electronics,South,20,12000,0,240000.0
1517,2025-06-01,Laptop,Electronics,South,13,55000,15,607750.0
1518,2025-06-02,Smartwatch,Wearables,East,2,5000,5,9500.0
1519,2025-06-03,Smartwatch,Wearables,East,19,5000,10,85500.0
1520,2025-06-04,Smartwatch,Wearables,South,10,5000,5,47500.0
1521,2025-06-05,Mouse,Accessories,North,10,800,10,7200.0
1522,2025-06-06,Tablet,Electronics,North,14,18000,15,214200.0
1523,2025-06-07,Keyboard,Accessories,West,13,1500,10,17550.0
1524,2025-06-08,Mouse,Accessories,West,5,800,10,3600.0
1525,2025-06-09,Tablet,Electronics,South,18,18000,15,275400.0
1526,2025-06-10,Smartwatch,Wearables,West,10,5000,5,47500.0
1527,2025-06-11,Laptop,Electronics,West,18,55000,15,841500.0
1528,2025-06-12,Tablet,Electronics,East,13,18000,5,222300.0
1529,2025-06-13,Smartwatch,Wearables,West,11,5000,0,55000.0
1530,2025-06-14,Keyboard,Accessories,North,3,1500,5,4275.0
1531,2025-06-15,Headphones,Accessories,North,13,2000,0,26000.0
1532,2025-06-16,Smartwatch,Wearables,West,19,5000,5,90250.0
1533,2025-06-17,Smartwatch,Wearables,North,11,5000,10,49500.0
1534,2025-06-18,Smartwatch,Wearables,West,7,5000,0,35000.0
1535,2025-06-19,Smartwatch,Wearables,West,20,5000,5,95000.0
1536,2025-06-20,Smartwatch,Wearables,East,18,5000,10,81000.0
1537,2025-06-21,Mouse,Accessories,East,15,800,10,10800.0
1538,2025-06-22,Headphones,Accessories,West,12,2000,15,20400.0
1539,2025-06-23,Mobile,Electronics,South,16,22000,10,316800.0
1540,2025-06-24,Keyboard,Accessories,North,11,1500,15,14025.0
1541,2025-06-25,Smartwatch,Wearables,East,5,5000,0,25000.0
1542,2025-06-26,Mouse,Accessories,South,10,800,5,7600.0
1543,2025-06-27,Keyboard,Accessories,South,8,1500,15,10200.0
1544,2025-06-28,Monitor,Electronics,East,18,12000,10,194400.0
1545,2025-06-29,Monitor,Electronics,South,16,12000,15,163200.0
1546,2025-06-30,Keyboard,Accessories,West,6,1500,5,8550.0
1547,2025-07-01,Tablet,Electronics,North,18,18000,0,324000.0
1548,2025-07-02,Mobile,Electronics,West,2,22000,0,44000.0
1549,2025-07-03,Tablet,Electronics,South,8,18000,0,144000.0
1550,2025-07-04,Laptop,Electronics,East,7,55000,15,327250.0
1551,2025-07-05,Laptop,Electronics,West,20,55000,15,935000.0
1552,2025-07-06,Laptop,Electronics,North,1,55000,15,46750.0
1553,2025-07-07,Laptop,Electronics,East,17,55000,10,841500.0
1554,2025-07-08,Laptop,Electronics,South,17,55000,15,794750.0
1555,2025-07-09,Mobile,Electronics,South,4,22000,5,83600.0
1556,2025-07-10,Smartwatch,Wearables,East,20,5000,10,90000.0
1557,2025-07-11,Headphones,Accessories,East,13,2000,0,26000.0
1558,2025-07-12,Mouse,Accessories,South,15,800,5,11400.0
1559,2025-07-13,Headphones,Accessories,North,3,2000,0,6000.0
1560,2025-07-14,Mouse,Accessories,West,13,800,15,8840.0
1561,2025-07-15,Laptop,Electronics,North,1,55000,5,52250.0
1562,2025-07-16,Monitor,Electronics,North,14,12000,10,151200.0
1563,2025-07-17,Laptop,Electronics,West,8,55000,5,418000.0
1564,2025-07-18,Headphones,Accessories,East,2,2000,0,4000.0
1565,2025-07-19,Laptop,Electronics,North,6,55000,10,297000.0
1566,2025-07-20,Smartwatch,Wearables,West,19,5000,5,90250.0
1567,2025-07-21,Mobile,Electronics,South,10,22000,5,209000.0
1568,2025-07-22,Mouse,Accessories,West,18,800,10,12960.0
1569,2025-07-23,Tablet,Electronics,North,3,18000,10,48600.0
1570,2025-07-24,Mobile,Electronics,North,14,22000,5,292600.0
1571,2025-07-25,Keyboard,Accessories,East,20,1500,15,25500.0
1572,2025-07-26,Laptop,Electronics,West,9,55000,15,420750.0
1573,2025-07-27,Smartwatch,Wearables,West,12,5000,15,51000.0
1574,2025-07-28,Tablet,Electronics,North,19,18000,15,290700.0
1575,2025-07-29,Headphones,Accessories,North,8,2000,0,16000.0
1576,2025-07-30,Headphones,Accessories,South,5,2000,15,8500.0
1577,2025-07-31,Mouse,Accessories,North,11,800,10,7920.0
1578,2025-08-01,Mobile,Electronics,West,1,22000,10,19800.0
1579,2025-08-02,Keyboard,Accessories,South,9,1500,0,13500.0
1580,2025-08-03,Mobile,Electronics,West,6,22000,15,112200.0
1581,2025-08-04,Mouse,Accessories,North,4,800,0,3200.0
1582,2025-08-05,Keyboard,Accessories,East,18,1500,0,27000.0
1583,2025-08-06,Mouse,Accessories,West,1,800,10,720.0
1584,2025-08-07,Mouse,Accessories,South,3,800,5,2280.0
1585,2025-08-08,Mouse,Accessories,East,6,800,5,4560.0
1586,2025-08-09,Headphones,Accessories,South,9,2000,15,15300.0
1587,2025-08-10,Mobile,Electronics,East,6,22000,15,112200.0
1588,2025-08-11,Mouse,Accessories,North,10,800,15,6800.0
1589,2025-08-12,Keyboard,Accessories,West,9,1500,5,12825.0
1590,2025-08-13,Smartwatch,Wearables,South,15,5000,0,75000.0
1591,2025-08-14,Headphones,Accessories,East,1,2000,15,1700.0
1592,2025-08-15,Mouse,Accessories,East,11,800,15,7480.0
1593,2025-08-16,Mouse,Accessories,East,20,800,5,15200.0
1594,2025-08-17,Keyboard,Accessories,West,20,1500,5,28500.0
1595,2025-08-18,Keyboard,Accessories,East,6,1500,15,7650.0
1596,2025-08-19,Headphones,Accessories,East,16,2000,5,30400.0
1597,2025-08-20,Mouse,Accessories,East,9,800,15,6120.0
1598,2025-08-21,Mobile,Electronics,South,19,22000,5,397100.0
1599,2025-08-22,Laptop,Electronics,West,15,55000,5,783750.0
1600,2025-08-23,Headphones,Accessories,West,3,2000,15,5100.0
1601,2025-08-24,Tablet,Electronics,East,10,18000,5,171000.0
1602,2025-08-25,Tablet,Electronics,North,14,18000,15,214200.0
1603,2025-08-26,Monitor,Electronics,West,20,12000,15,204000.0
1604,2025-08-27,Mouse,Accessories,East,18,800,0,14400.0
1605,2025-08-28,Mobile,Electronics,East,4,22000,5,83600.0
1606,2025-08-29,Tablet,Electronics,West,20,18000,0,360000.0
1607,2025-08-30,Keyboard,Accessories,North,14,1500,0,21000.0
1608,2025-08-31,Mobile,Electronics,South,9,22000,5,188100.0
1609,2025-09-01,Monitor,Electronics,West,12,12000,15,122400.0
1610,2025-09-02,Tablet,Electronics,West,12,18000,0,216000.0
1611,2025-09-03,Mobile,Electronics,North,10,22000,15,187000.0
1612,2025-09-04,Mobile,Electronics,East,5,22000,10,99000.0
1613,2025-09-05,Keyboard,Accessories,West,15,1500,5,21375.0
1614,2025-09-06,Keyboard,Accessories,West,16,1500,0,24000.0
1615,2025-09-07,Monitor,Electronics,East,11,12000,0,132000.0
1616,2025-09-08,Laptop,Electronics,East,4,55000,0,220000.0
1617,2025-09-09,Mobile,Electronics,South,6,22000,5,125400.0
1618,2025-09-10,Tablet,Electronics,West,11,18000,15,168300.0
1619,2025-09-11,Smartwatch,Wearables,South,13,5000,5,61750.0
1620,2025-09-12,Mouse,Accessories,South,13,800,0,10400.0
1621,2025-09-13,Monitor,Electronics,West,19,12000,15,193800.0
1622,2025-09-14,Laptop,Electronics,East,7,55000,5,365750.0
1623,2025-09-15,Mobile,Electronics,South,19,22000,0,418000.0
1624,2025-09-16,Keyboard,Accessories,West,11,1500,5,15675.0
1625,2025-09-17,Mobile,Electronics,East,9,22000,15,168300.0
1626,2025-09-18,Mouse,Accessories,North,20,800,15,13600.0
1627,2025-09-19,Keyboard,Accessories,South,12,1500,15,15300.0
1628,2025-09-20,Headphones,Accessories,South,20,2000,0,40000.0
1629,2025-09-21,Keyboard,Accessories,East,4,1500,5,5700.0
1630,2025-09-22,Mobile,Electronics,South,6,22000,10,118800.0
1631,2025-09-23,Mouse,Accessories,West,14,800,5,10640.0
1632,2025-09-24,Mouse,Accessories,South,6,800,15,4080.0
1633,2025-09-25,Tablet,Electronics,South,16,18000,10,259200.0
1634,2025-09-26,Tablet,Electronics,North,11,18000,15,168300.0
1635,2025-09-27,Keyboard,Accessories,South,1,1500,15,1275.0
1636,2025-09-28,Smartwatch,Wearables,West,13,5000,15,55250.0
1637,2025-09-29,Monitor,Electronics,West,14,12000,15,142800.0
1638,2025-09-30,Tablet,Electronics,South,3,18000,0,54000.0
1639,2025-10-01,Headphones,Accessories,South,2,2000,10,3600.0
1640,2025-10-02,Headphones,Accessories,West,6,2000,15,10200.0
1641,2025-10-03,Mobile,Electronics,East,19,22000,0,418000.0
1642,2025-10-04,Keyboard,Accessories,West,18,1500,0,27000.0
1643,2025-10-05,Smartwatch,Wearables,South,14,5000,0,70000.0
1644,2025-10-06,Headphones,Accessories,East,2,2000,15,3400.0
1645,2025-10-07,Keyboard,Accessories,North,3,1500,15,3825.0
1646,2025-10-08,Smartwatch,Wearables,West,7,5000,10,31500.0
1647,2025-10-09,Tablet,Electronics,South,20,18000,5,342000.0
1648,2025-10-10,Smartwatch,Wearables,East,2,5000,10,9000.0
1649,2025-10-11,Tablet,Electronics,East,11,18000,10,178200.0
1650,2025-10-12,Headphones,Accessories,South,17,2000,0,34000.0
1651,2025-10-13,Mouse,Accessories,South,2,800,10,1440.0
1652,2025-10-14,Tablet,Electronics,East,8,18000,5,136800.0
1653,2025-10-15,Smartwatch,Wearables,South,13,5000,15,55250.0
1654,2025-10-16,Headphones,Accessories,West,14,2000,15,23800.0
1655,2025-10-17,Mobile,Electronics,East,3,22000,15,56100.0
1656,2025-10-18,Keyboard,Accessories,East,15,1500,15,19125.0
1657,2025-10-19,Laptop,Electronics,East,3,55000,15,140250.0
1658,2025-10-20,Mobile,Electronics,South,18,22000,15,336600.0
1659,2025-10-21,Mouse,Accessories,East,7,800,15,4760.0
1660,2025-10-22,Keyboard,Accessories,South,10,1500,10,13500.0
1661,2025-10-23,Monitor,Electronics,North,11,12000,0,132000.0
1662,2025-10-24,Mobile,Electronics,North,15,22000,0,330000.0
1663,2025-10-25,Tablet,Electronics,North,15,18000,15,229500.0
1664,2025-10-26,Mouse,Accessories,East,7,800,5,5320.0
1665,2025-10-27,Tablet,Electronics,East,9,18000,0,162000.0
1666,2025-10-28,Headphones,Accessories,South,3,2000,10,5400.0
1667,2025-10-29,Laptop,Electronics,South,13,55000,10,643500.0
1668,2025-10-30,Mouse,Accessories,North,3,800,0,2400.0
1669,2025-10-31,Smartwatch,Wearables,South,16,5000,0,80000.0
1670,2025-11-01,Smartwatch,Wearables,North,17,5000,15,72250.0
1671,2025-11-02,Laptop,Electronics,West,11,55000,0,605000.0
1672,2025-11-03,Tablet,Electronics,South,16,18000,0,288000.0
1673,2025-11-04,Mouse,Accessories,North,3,800,0,2400.0
1674,2025-11-05,Keyboard,Accessories,South,12,1500,10,16200.0
1675,2025-11-06,Mouse,Accessories,North,5,800,5,3800.0
1676,2025-11-07,Laptop,Electronics,West,20,55000,5,1045000.0
1677,2025-11-08,Keyboard,Accessories,West,7,1500,5,9975.0
1678,2025-11-09,Monitor,Electronics,North,7,12000,0,84000.0
1679,2025-11-10,Tablet,Electronics,East,4,18000,15,61200.0
1680,2025-11-11,Mouse,Accessories,South,11,800,5,8360.0
1681,2025-11-12,Headphones,Accessories,East,3,2000,5,5700.0
1682,2025-11-13,Laptop,Electronics,South,10,55000,5,522500.0
1683,2025-11-14,Mouse,Accessories,South,10,800,0,8000.0
1684,2025-11-15,Monitor,Electronics,South,13,12000,0,156000.0
1685,2025-11-16,Monitor,Electronics,North,20,12000,0,240000.0
1686,2025-11-17,Keyboard,Accessories,West,11,1500,5,15675.0
1687,2025-11-18,Mouse,Accessories,West,12,800,5,9120.0
1688,2025-11-19,Mobile,Electronics,North,1,22000,0,22000.0
1689,2025-11-20,Headphones,Accessories,North,7,2000,0,14000.0
1690,2025-11-21,Mouse,Accessories,West,17,800,10,12240.0
1691,2025-11-22,Mouse,Accessories,South,13,800,0,10400.0
1692,2025-11-23,Headphones,Accessories,North,3,2000,10,5400.0
1693,2025-11-24,Smartwatch,Wearables,West,5,5000,10,22500.0
1694,2025-11-25,Mobile,Electronics,South,10,22000,15,187000.0
1695,2025-11-26,Laptop,Electronics,West,8,55000,0,440000.0
1696,2025-11-27,Mobile,Electronics,East,15,22000,0,330000.0
1697,2025-11-28,Tablet,Electronics,South,4,18000,0,72000.0
1698,2025-11-29,Laptop,Electronics,East,6,55000,15,280500.0
1699,2025-11-30,Headphones,Accessories,South,6,2000,10,10800.0
1700,2025-12-01,Headphones,Accessories,East,4,2000,0,8000.0
1701,2025-12-02,Mouse,Accessories,East,9,800,0,7200.0
1702,2025-12-03,Mobile,Electronics,East,16,22000,15,299200.0
1703,2025-12-04,Laptop,Electronics,East,16,55000,5,836000.0
1704,2025-12-05,Tablet,Electronics,North,9,18000,0,162000.0
1705,2025-12-06,Smartwatch,Wearables,North,17,5000,0,85000.0
1706,2025-12-07,Laptop,Electronics,West,8,55000,0,440000.0
1707,2025-12-08,Keyboard,Accessories,South,13,1500,5,18525.0
1708,2025-12-09,Laptop,Electronics,South,18,55000,15,841500.0
1709,2025-12-10,Keyboard,Accessories,East,8,1500,15,10200.0
1710,2025-12-11,Headphones,Accessories,North,3,2000,10,5400.0
1711,2025-12-12,Laptop,Electronics,North,6,55000,5,313500.0
1712,2025-12-13,Mouse,Accessories,East,3,800,15,2040.0
1713,2025-12-14,Headphones,Accessories,West,11,2000,0,22000.0
1714,2025-12-15,Laptop,Electronics,East,12,55000,5,627000.0
1715,2025-12-16,Headphones,Accessories,West,20,2000,5,38000.0
1716,2025-12-17,Keyboard,Accessories,South,19,1500,15,24225.0
1717,2025-12-18,Smartwatch,Wearables,West,5,5000,0,25000.0
1718,2025-12-19,Laptop,Electronics,North,8,55000,10,396000.0
1719,2025-12-20,Keyboard,Accessories,East,1,1500,15,1275.0
1720,2025-12-21,Mobile,Electronics,West,7,22000,5,146300.0
1721,2025-12-22,Monitor,Electronics,East,2,12000,5,22800.0
1722,2025-12-23,Mobile,Electronics,West,2,22000,5,41800.0
1723,2025-12-24,Keyboard,Accessories,North,15,1500,0,22500.0
1724,2025-12-25,Tablet,Electronics,North,13,18000,0,234000.0
1725,2025-12-26,Mouse,Accessories,East,5,800,5,3800.0
1726,2025-12-27,Headphones,Accessories,East,11,2000,15,18700.0
1727,2025-12-28,Keyboard,Accessories,South,15,1500,10,20250.0
1728,2025-12-29,Mobile,Electronics,North,7,22000,5,146300.0
1729,2025-12-30,Tablet,Electronics,West,4,18000,5,68400.0
1730,2024-01-01,Monitor,Electronics,North,11,12000,15,112200.0
1731,2024-01-02,Keyboard,Accessories,East,7,1500,15,8925.0
1732,2024-01-03,Monitor,Electronics,North,9,12000,0,108000.0
1733,2024-01-04,Tablet,Electronics,South,10,18000,0,180000.0
1734,2024-01-05,Keyboard,Accessories,South,5,1500,0,7500.0
1735,2024-01-06,Keyboard,Accessories,East,13,1500,0,19500.0
1736,2024-01-07,Headphones,Accessories,West,6,2000,0,12000.0
1737,2024-01-08,Monitor,Electronics,North,18,12000,5,205200.0
1738,2024-01-09,Monitor,Electronics,North,4,12000,5,45600.0
1739,2024-01-10,Laptop,Electronics,South,2,55000,5,104500.0
1740,2024-01-11,Smartwatch,Wearables,North,13,5000,10,58500.0
1741,2024-01-12,Headphones,Accessories,North,3,2000,0,6000.0
1742,2024-01-13,Smartwatch,Wearables,North,15,5000,5,71250.0
1743,2024-01-14,Keyboard,Accessories,West,4,1500,0,6000.0
1744,2024-01-15,Laptop,Electronics,West,6,55000,15,280500.0
1745,2024-01-16,Monitor,Electronics,West,1,12000,15,10200.0
1746,2024-01-17,Tablet,Electronics,South,12,18000,5,205200.0
1747,2024-01-18,Headphones,Accessories,South,9,2000,15,15300.0
1748,2024-01-19,Laptop,Electronics,East,20,55000,5,1045000.0
1749,2024-01-20,Monitor,Electronics,North,14,12000,15,142800.0
1750,2024-01-21,Mobile,Electronics,South,9,22000,15,168300.0
1751,2024-01-22,Mouse,Accessories,North,7,800,5,5320.0
1752,2024-01-23,Mouse,Accessories,West,12,800,15,8160.0
1753,2024-01-24,Keyboard,Accessories,West,19,1500,10,25650.0
1754,2024-01-25,Headphones,Accessories,East,6,2000,0,12000.0
1755,2024-01-26,Smartwatch,Wearables,North,1,5000,10,4500.0
1756,2024-01-27,Monitor,Electronics,South,17,12000,10,183600.0
1757,2024-01-28,Tablet,Electronics,South,4,18000,5,68400.0
1758,2024-01-29,Headphones,Accessories,South,18,2000,0,36000.0
1759,2024-01-30,Mouse,Accessories,South,12,800,5,9120.0
1760,2024-01-31,Smartwatch,Wearables,East,19,5000,10,85500.0
1761,2024-02-01,Laptop,Electronics,South,12,55000,5,627000.0
1762,2024-02-02,Monitor,Electronics,South,18,12000,10,194400.0
1763,2024-02-03,Monitor,Electronics,North,2,12000,0,24000.0
1764,2024-02-04,Smartwatch,Wearables,North,20,5000,5,95000.0
1765,2024-02-05,Monitor,Electronics,South,1,12000,10,10800.0
1766,2024-02-06,Tablet,Electronics,East,11,18000,5,188100.0
1767,2024-02-07,Laptop,Electronics,South,1,55000,5,52250.0
1768,2024-02-08,Mobile,Electronics,North,17,22000,10,336600.0
1769,2024-02-09,Keyboard,Accessories,East,13,1500,0,19500.0
1770,2024-02-10,Headphones,Accessories,South,11,2000,5,20900.0
1771,2024-02-11,Mouse,Accessories,South,16,800,10,11520.0
1772,2024-02-12,Keyboard,Accessories,West,8,1500,5,11400.0
1773,2024-02-13,Headphones,Accessories,South,10,2000,5,19000.0
1774,2024-02-14,Laptop,Electronics,North,19,55000,15,888250.0
1775,2024-02-15,Tablet,Electronics,South,20,18000,10,324000.0
1776,2024-02-16,Mobile,Electronics,East,16,22000,5,334400.0
1777,2024-02-17,Mobile,Electronics,East,8,22000,10,158400.0
1778,2024-02-18,Tablet,Electronics,West,3,18000,10,48600.0
1779,2024-02-19,Laptop,Electronics,South,9,55000,5,470250.0
1780,2024-02-20,Mobile,Electronics,North,12,22000,10,237600.0
1781,2024-02-21,Laptop,Electronics,West,2,55000,15,93500.0
1782,2024-02-22,Mouse,Accessories,West,6,800,15,4080.0
1783,2024-02-23,Mouse,Accessories,North,12,800,15,8160.0
1784,2024-02-24,Monitor,Electronics,South,19,12000,5,216600.0
1785,2024-02-25,Monitor,Electronics,East,3,12000,0,36000.0
1786,2024-02-26,Laptop,Electronics,North,11,55000,10,544500.0
1787,2024-02-27,Mobile,Electronics,West,11,22000,5,229900.0
1788,2024-02-28,Tablet,Electronics,East,3,18000,0,54000.0
1789,2024-02-29,Monitor,Electronics,South,1,12000,15,10200.0
1790,2024-03-01,Mouse,Accessories,North,6,800,0,4800.0
1791,2024-03-02,Keyboard,Accessories,West,7,1500,5,9975.0
1792,2024-03-03,Headphones,Accessories,South,10,2000,10,18000.0
1793,2024-03-04,Mobile,Electronics,West,2,22000,15,37400.0
1794,2024-03-05,Tablet,Electronics,North,2,18000,10,32400.0
1795,2024-03-06,Mouse,Accessories,West,3,800,10,2160.0
1796,2024-03-07,Smartwatch,Wearables,South,4,5000,0,20000.0
1797,2024-03-08,Tablet,Electronics,West,10,18000,0,180000.0
1798,2024-03-09,Mobile,Electronics,West,10,22000,15,187000.0
1799,2024-03-10,Monitor,Electronics,West,9,12000,0,108000.0
1800,2024-03-11,Tablet,Electronics,East,12,18000,15,183600.0
1801,2024-03-12,Tablet,Electronics,East,15,18000,0,270000.0
1802,2024-03-13,Monitor,Electronics,South,15,12000,10,162000.0
1803,2024-03-14,Headphones,Accessories,South,19,2000,0,38000.0
1804,2024-03-15,Mobile,Electronics,West,3,22000,10,59400.0
1805,2024-03-16,Smartwatch,Wearables,West,18,5000,0,90000.0
1806,2024-03-17,Mouse,Accessories,South,18,800,15,12240.0
1807,2024-03-18,Monitor,Electronics,West,10,12000,0,120000.0
1808,2024-03-19,Laptop,Electronics,North,17,55000,5,888250.0
1809,2024-03-20,Monitor,Electronics,South,6,12000,5,68400.0
1810,2024-03-21,Smartwatch,Wearables,West,5,5000,0,25000.0
1811,2024-03-22,Mobile,Electronics,South,14,22000,5,292600.0
1812,2024-03-23,Headphones,Accessories,North,11,2000,0,22000.0
1813,2024-03-24,Mouse,Accessories,East,18,800,15,12240.0
1814,2024-03-25,Headphones,Accessories,North,17,2000,15,28900.0
1815,2024-03-26,Mouse,Accessories,South,4,800,15,2720.0
1816,2024-03-27,Tablet,Electronics,North,19,18000,0,342000.0
1817,2024-03-28,Mobile,Electronics,West,10,22000,10,198000.0
1818,2024-03-29,Headphones,Accessories,West,13,2000,15,22100.0
1819,2024-03-30,Laptop,Electronics,West,6,55000,10,297000.0
1820,2024-03-31,Tablet,Electronics,North,20,18000,15,306000.0
1821,2024-04-01,Mouse,Accessories,North,11,800,5,8360.0
1822,2024-04-02,Monitor,Electronics,North,9,12000,10,97200.0
1823,2024-04-03,Keyboard,Accessories,East,10,1500,10,13500.0
1824,2024-04-04,Monitor,Electronics,South,4,12000,5,45600.0
1825,2024-04-05,Headphones,Accessories,East,15,2000,10,27000.0
1826,2024-04-06,Mouse,Accessories,South,20,800,0,16000.0
1827,2024-04-07,Monitor,Electronics,West,7,12000,15,71400.0
1828,2024-04-08,Keyboard,Accessories,North,2,1500,5,2850.0
1829,2024-04-09,Headphones,Accessories,South,17,2000,15,28900.0
1830,2024-04-10,Laptop,Electronics,South,6,55000,5,313500.0
1831,2024-04-11,Laptop,Electronics,West,8,55000,0,440000.0
1832,2024-04-12,Laptop,Electronics,East,12,55000,5,627000.0
1833,2024-04-13,Keyboard,Accessories,North,15,1500,15,19125.0
1834,2024-04-14,Laptop,Electronics,West,8,55000,10,396000.0
1835,2024-04-15,Monitor,Electronics,East,6,12000,15,61200.0
1836,2024-04-16,Keyboard,Accessories,North,6,1500,10,8100.0
1837,2024-04-17,Headphones,Accessories,North,1,2000,15,1700.0
1838,2024-04-18,Tablet,Electronics,South,19,18000,5,324900.0
1839,2024-04-19,Smartwatch,Wearables,West,7,5000,10,31500.0
1840,2024-04-20,Laptop,Electronics,South,1,55000,15,46750.0
1841,2024-04-21,Tablet,Electronics,South,20,18000,0,360000.0
1842,2024-04-22,Headphones,Accessories,East,20,2000,10,36000.0
1843,2024-04-23,Mouse,Accessories,West,13,800,10,9360.0
1844,2024-04-24,Headphones,Accessories,East,7,2000,15,11900.0
1845,2024-04-25,Mouse,Accessories,North,19,800,0,15200.0
1846,2024-04-26,Keyboard,Accessories,East,18,1500,10,24300.0
1847,2024-04-27,Mobile,Electronics,East,16,22000,0,352000.0
1848,2024-04-28,Headphones,Accessories,East,11,2000,10,19800.0
1849,2024-04-29,Headphones,Accessories,South,7,2000,5,13300.0
1850,2024-04-30,Laptop,Electronics,East,20,55000,15,935000.0
1851,2024-05-01,Tablet,Electronics,East,1,18000,15,15300.0
1852,2024-05-02,Headphones,Accessories,West,14,2000,15,23800.0
1853,2024-05-03,Laptop,Electronics,East,19,55000,5,992750.0
1854,2024-05-04,Smartwatch,Wearables,East,18,5000,15,76500.0
1855,2024-05-05,Headphones,Accessories,East,6,2000,5,11400.0
1856,2024-05-06,Mobile,Electronics,East,16,22000,5,334400.0
1857,2024-05-07,Tablet,Electronics,South,11,18000,0,198000.0
1858,2024-05-08,Keyboard,Accessories,West,8,1500,10,10800.0
1859,2024-05-09,Keyboard,Accessories,East,12,1500,10,16200.0
1860,2024-05-10,Monitor,Electronics,North,4,12000,15,40800.0
1861,2024-05-11,Mobile,Electronics,North,16,22000,5,334400.0
1862,2024-05-12,Mouse,Accessories,West,17,800,10,12240.0
1863,2024-05-13,Laptop,Electronics,South,5,55000,5,261250.0
1864,2024-05-14,Keyboard,Accessories,South,14,1500,15,17850.0
1865,2024-05-15,Keyboard,Accessories,West,6,1500,0,9000.0
1866,2024-05-16,Keyboard,Accessories,North,6,1500,10,8100.0
1867,2024-05-17,Laptop,Electronics,South,15,55000,10,742500.0
1868,2024-05-18,Tablet,Electronics,West,19,18000,5,324900.0
1869,2024-05-19,Mobile,Electronics,West,5,22000,15,93500.0
1870,2024-05-20,Mouse,Accessories,West,14,800,15,9520.0
1871,2024-05-21,Laptop,Electronics,East,2,55000,5,104500.0
1872,2024-05-22,Laptop,Electronics,North,11,55000,5,574750.0
1873,2024-05-23,Laptop,Electronics,East,8,55000,5,418000.0
1874,2024-05-24,Headphones,Accessories,West,5,2000,0,10000.0
1875,2024-05-25,Headphones,Accessories,North,6,2000,0,12000.0
1876,2024-05-26,Headphones,Accessories,East,10,2000,15,17000.0
1877,2024-05-27,Mouse,Accessories,West,5,800,10,3600.0
1878,2024-05-28,Keyboard,Accessories,West,7,1500,5,9975.0
1879,2024-05-29,Laptop,Electronics,South,8,55000,5,418000.0
1880,2024-05-30,Smartwatch,Wearables,North,1,5000,5,4750.0
1881,2024-05-31,Keyboard,Accessories,East,2,1500,15,2550.0
1882,2024-06-01,Laptop,Electronics,North,20,55000,0,1100000.0
1883,2024-06-02,Laptop,Electronics,West,2,55000,0,110000.0
1884,2024-06-03,Monitor,Electronics,East,13,12000,0,156000.0
1885,2024-06-04,Monitor,Electronics,North,5,12000,5,57000.0
1886,2024-06-05,Headphones,Accessories,East,14,2000,0,28000.0
1887,2024-06-06,Tablet,Electronics,North,14,18000,0,252000.0
1888,2024-06-07,Headphones,Accessories,West,4,2000,0,8000.0
1889,2024-06-08,Smartwatch,Wearables,East,20,5000,5,95000.0
1890,2024-06-09,Smartwatch,Wearables,East,12,5000,15,51000.0
1891,2024-06-10,Tablet,Electronics,South,2,18000,15,30600.0
1892,2024-06-11,Monitor,Electronics,North,11,12000,5,125400.0
1893,2024-06-12,Laptop,Electronics,West,3,55000,0,165000.0
1894,2024-06-13,Tablet,Electronics,North,3,18000,0,54000.0
1895,2024-06-14,Headphones,Accessories,East,8,2000,15,13600.0
1896,2024-06-15,Headphones,Accessories,North,15,2000,0,30000.0
1897,2024-06-16,Tablet,Electronics,East,2,18000,10,32400.0
1898,2024-06-17,Keyboard,Accessories,North,14,1500,0,21000.0
1899,2024-06-18,Laptop,Electronics,South,1,55000,5,52250.0
1900,2024-06-19,Keyboard,Accessories,East,12,1500,15,15300.0
1901,2024-06-20,Mobile,Electronics,South,12,22000,10,237600.0
1902,2024-06-21,Mobile,Electronics,West,13,22000,15,243100.0
1903,2024-06-22,Headphones,Accessories,West,13,2000,15,22100.0
1904,2024-06-23,Tablet,Electronics,North,4,18000,5,68400.0
1905,2024-06-24,Tablet,Electronics,West,4,18000,15,61200.0
1906,2024-06-25,Monitor,Electronics,East,6,12000,15,61200.0
1907,2024-06-26,Laptop,Electronics,West,5,55000,15,233750.0
1908,2024-06-27,Mobile,Electronics,North,14,22000,15,261800.0
1909,2024-06-28,Mobile,Electronics,North,9,22000,10,178200.0
1910,2024-06-29,Smartwatch,Wearables,West,11,5000,0,55000.0
1911,2024-06-30,Smartwatch,Wearables,West,16,5000,10,72000.0
1912,2024-07-01,Tablet,Electronics,North,18,18000,0,324000.0
1913,2024-07-02,Tablet,Electronics,West,17,18000,15,260100.0
1914,2024-07-03,Tablet,Electronics,East,3,18000,15,45900.0
1915,2024-07-04,Smartwatch,Wearables,North,11,5000,10,49500.0
1916,2024-07-05,Smartwatch,Wearables,West,18,5000,15,76500.0
1917,2024-07-06,Smartwatch,Wearables,West,3,5000,15,12750.0
1918,2024-07-07,Monitor,Electronics,West,3,12000,15,30600.0
1919,2024-07-08,Keyboard,Accessories,North,4,1500,15,5100.0
1920,2024-07-09,Mobile,Electronics,North,13,22000,15,243100.0
1921,2024-07-10,Laptop,Electronics,South,3,55000,10,148500.0
1922,2024-07-11,Monitor,Electronics,North,11,12000,10,118800.0
1923,2024-07-12,Smartwatch,Wearables,West,15,5000,10,67500.0
1924,2024-07-13,Keyboard,Accessories,North,15,1500,0,22500.0
1925,2024-07-14,Smartwatch,Wearables,East,1,5000,10,4500.0
1926,2024-07-15,Headphones,Accessories,North,18,2000,10,32400.0
1927,2024-07-16,Laptop,Electronics,South,6,55000,15,280500.0
1928,2024-07-17,Mouse,Accessories,South,4,800,10,2880.0
1929,2024-07-18,Smartwatch,Wearables,South,4,5000,15,17000.0
1930,2024-07-19,Monitor,Electronics,North,7,12000,10,75600.0
1931,2024-07-20,Mouse,Accessories,West,2,800,0,1600.0
1932,2024-07-21,Monitor,Electronics,West,19,12000,5,216600.0
1933,2024-07-22,Laptop,Electronics,West,17,55000,0,935000.0
1934,2024-07-23,Monitor,Electronics,South,17,12000,5,193800.0
1935,2024-07-24,Tablet,Electronics,East,4,18000,15,61200.0
1936,2024-07-25,Mouse,Accessories,East,14,800,5,10640.0
1937,2024-07-26,Mouse,Accessories,West,11,800,10,7920.0
1938,2024-07-27,Tablet,Electronics,East,5,18000,15,76500.0
1939,2024-07-28,Keyboard,Accessories,South,18,1500,5,25650.0
1940,2024-07-29,Smartwatch,Wearables,East,20,5000,10,90000.0
1941,2024-07-30,Tablet,Electronics,North,6,18000,10,97200.0
1942,2024-07-31,Keyboard,Accessories,West,18,1500,15,22950.0
1943,2024-08-01,Headphones,Accessories,North,14,2000,0,28000.0
1944,2024-08-02,Laptop,Electronics,North,13,55000,5,679250.0
1945,2024-08-03,Laptop,Electronics,South,7,55000,10,346500.0
1946,2024-08-04,Headphones,Accessories,North,9,2000,5,17100.0
1947,2024-08-05,Headphones,Accessories,East,7,2000,0,14000.0
1948,2024-08-06,Monitor,Electronics,West,4,12000,5,45600.0
1949,2024-08-07,Smartwatch,Wearables,North,17,5000,10,76500.0
1950,2024-08-08,Mouse,Accessories,East,13,800,15,8840.0
1951,2024-08-09,Laptop,Electronics,South,1,55000,10,49500.0
1952,2024-08-10,Monitor,Electronics,South,8,12000,10,86400.0
1953,2024-08-11,Smartwatch,Wearables,South,10,5000,15,42500.0
1954,2024-08-12,Mobile,Electronics,North,6,22000,5,125400.0
1955,2024-08-13,Mouse,Accessories,East,2,800,15,1360.0
1956,2024-08-14,Headphones,Accessories,East,5,2000,5,9500.0
1957,2024-08-15,Laptop,Electronics,South,11,55000,15,514250.0
1958,2024-08-16,Laptop,Electronics,North,5,55000,10,247500.0
1959,2024-08-17,Headphones,Accessories,North,16,2000,10,28800.0
1960,2024-08-18,Keyboard,Accessories,South,17,1500,5,24225.0
1961,2024-08-19,Mobile,Electronics,West,17,22000,5,355300.0
1962,2024-08-20,Mouse,Accessories,South,3,800,10,2160.0
1963,2024-08-21,Smartwatch,Wearables,East,11,5000,10,49500.0
1964,2024-08-22,Headphones,Accessories,North,7,2000,15,11900.0
1965,2024-08-23,Mobile,Electronics,South,12,22000,15,224400.0
1966,2024-08-24,Smartwatch,Wearables,West,2,5000,10,9000.0
1967,2024-08-25,Mobile,Electronics,East,13,22000,10,257400.0
1968,2024-08-26,Laptop,Electronics,West,17,55000,10,841500.0
1969,2024-08-27,Monitor,Electronics,South,2,12000,10,21600.0
1970,2024-08-28,Keyboard,Accessories,North,17,1500,0,25500.0
1971,2024-08-29,Tablet,Electronics,North,18,18000,0,324000.0
1972,2024-08-30,Smartwatch,Wearables,North,7,5000,15,29750.0
1973,2024-08-31,Smartwatch,Wearables,North,18,5000,15,76500.0
1974,2024-09-01,Tablet,Electronics,East,1,18000,15,15300.0
1975,2024-09-02,Laptop,Electronics,North,3,55000,0,165000.0
1976,2024-09-03,Tablet,Electronics,South,9,18000,0,162000.0
1977,2024-09-04,Headphones,Accessories,West,14,2000,15,23800.0
1978,2024-09-05,Mouse,Accessories,North,14,800,10,10080.0
1979,2024-09-06,Mouse,Accessories,North,4,800,0,3200.0
1980,2024-09-07,Laptop,Electronics,North,3,55000,10,148500.0
1981,2024-09-08,Headphones,Accessories,East,10,2000,0,20000.0
1982,2024-09-09,Monitor,Electronics,North,13,12000,15,132600.0
1983,2024-09-10,Monitor,Electronics,South,6,12000,5,68400.0
1984,2024-09-11,Mouse,Accessories,South,18,800,10,12960.0
1985,2024-09-12,Headphones,Accessories,South,12,2000,0,24000.0
1986,2024-09-13,Mobile,Electronics,West,2,22000,0,44000.0
1987,2024-09-14,Mobile,Electronics,East,10,22000,5,209000.0
1988,2024-09-15,Smartwatch,Wearables,South,14,5000,5,66500.0
1989,2024-09-16,Tablet,Electronics,South,8,18000,10,129600.0
1990,2024-09-17,Mobile,Electronics,West,6,22000,0,132000.0
1991,2024-09-18,Mobile,Electronics,East,10,22000,0,220000.0
1992,2024-09-19,Mobile,Electronics,East,7,22000,15,130900.0
1993,2024-09-20,Keyboard,Accessories,North,5,1500,5,7125.0
1994,2024-09-21,Headphones,Accessories,South,20,2000,0,40000.0
1995,2024-09-22,Keyboard,Accessories,East,16,1500,15,20400.0
1996,2024-09-23,Headphones,Accessories,East,19,2000,5,36100.0
1997,2024-09-24,Keyboard,Accessories,North,14,1500,5,19950.0
1998,2024-09-25,Keyboard,Accessories,West,8,1500,5,11400.0
1999,2024-09-26,Headphones,Accessories,East,12,2000,5,22800.0
